subject,hit_rate,lamyg_mean_prenat,ramyg_mean_prenat,lamyg_mean_postpart,ramyg_mean_postpart,lamyg_mean_change,ramyg_mean_change
51,0.898224845,0.1284,0.162,-0.09799,-0.0761,0.22639,0.2381
52,0.898224845,0.3245,0.1324,0.3897,0.3745,-0.0652,-0.2421
55,1.065435817,-0.1206,-0.1927,0.1119,0.09318,-0.2325,-0.28588
59,0.480499557,-0.2352,-0.0616,0.3675,0.3354,-0.6027,-0.397
60,0.891122508,0.1507,0.1437,0.4579,0.4308,-0.3072,-0.2871
61,0.898224845,0.1728,0.1576,0.005446,-0.04766,0.167354,0.20526
62,0.583876821,-0.1663,-0.03467,0.3774,0.1932,-0.5437,-0.22787
63,0.411516846,0.2263,0.2488,0.06082,0.08076,0.16548,0.16804
64,0.384396774,0.1388,0.09721,0.0168,-0.08939,0.122,0.1866
65,0.756129908,0.3371,0.3151,0.1875,0.3005,0.1496,0.0146
67,0.442032816,0.1573,0.1723,0.05838,0.01929,0.09892,0.15301
69,0.658868043,0.1958,0.0173,0.4037,0.3421,-0.2079,-0.3248
72,0.178727795,0.1527,0.1292,0.02245,0.01896,0.13025,0.11024
74,0.69666931,0.1062,0.1368,0.1051,0.1158,0.0011,0.021
75,0.898224845,0.173,0.1512,-0.00578,0.1075,0.17878,0.0437
76,0.384396774,0.01234,0.0165,0.1488,0.08527,-0.13646,-0.06877
77,0.384396774,0.07116,0.163,0.08453,0.07438,-0.01337,0.08862
80,1.072787317,0.1328,0.148,0.1384,0.2041,-0.0056,-0.0561
83,0.252680255,-0.09941,0.004577,0.3398,0.2766,-0.43921,-0.272023
84,0.269932796,-0.000493,0.07748,-0.05443,-0.02477,0.053937,0.10225
85,0.822897742,0.06261,0.1504,0.1842,0.1641,-0.12159,-0.0137
88,0.344470587,0.1015,0.2208,0.1486,0.16,-0.0471,0.0608
,,,,,,,
,,,,,,,
,,,,,,,
,,,,,,,
,,,,,,,
,,,,,,,
,,,,,,,
,,,,,,,
,,,,,,,
,,,,,,,
,,,,,,,
,,,,,,,
,,,,,,,
,,,,,,,
,,,,,,,
,,,,,,,
,,,,,,,
,,,,,,,
,,,,,,,
,,,,,,,